N,Serial,P,MPI
4,,2,0.013172
8,,4,0.014124
120,,4,0.016971
200,,4,0.025628
240,,4,0.033528
